SampleID,SRA.ID,Genus,Species,Island,depth,BioProject,SRA.Study
acutirostris_Genovesa_101,DG101,Geospiza,acutirostris,Genovesa,12.3,PRJNA263122,SRP048643
acutirostris_Genovesa_103,DG103,Geospiza,acutirostris,Genovesa,10.3,PRJNA263122,SRP048643
acutirostris_Genovesa_107,DG107,Geospiza,acutirostris,Genovesa,10.6,PRJNA263122,SRP048643
acutirostris_Genovesa_108,DG108,Geospiza,acutirostris,Genovesa,12.6,PRJNA263122,SRP048643
noctis_Barbados_1,L1,Loxgilla,barbadensis,Barbados,7.8,PRJNA263122,SRP048643
noctis_Barbados_2,L2,Loxgilla,barbadensis,Barbados,7.8,PRJNA263122,SRP048643
noctis_Barbados_3,L3,Loxgilla,barbadensis,Barbados,7.4,PRJNA263122,SRP048643
noctis_Barbados_6,L6,Loxgilla,barbadensis,Barbados,9.4,PRJNA263122,SRP048643
noctis_Barbados_7,L7,Loxgilla,barbadensis,Barbados,7.2,PRJNA263122,SRP048643
bicolor_Barbados_1,T1,Tiaris,bicolor,Barbados,7.7,PRJNA263122,SRP048643
bicolor_Barbados_2,T2,Tiaris,bicolor,Barbados,6.6,PRJNA263122,SRP048643
bicolor_Barbados_3,T3,Tiaris,bicolor,Barbados,5,PRJNA263122,SRP048643
conirostris_Espanola_1,CE1,Geospiza,conirostris,Espanola,15.3,PRJNA263122,SRP048643
conirostris_Espanola_10,CE10,Geospiza,conirostris,Espanola,11.2,PRJNA263122,SRP048643
conirostris_Espanola_2,CE2,Geospiza,conirostris,Espanola,15.5,PRJNA263122,SRP048643
conirostris_Espanola_3,CE3,Geospiza,conirostris,Espanola,32.3,PRJNA263122,SRP048643
conirostris_Espanola_4,CE4,Geospiza,conirostris,Espanola,14.9,PRJNA263122,SRP048643
conirostris_Espanola_5,CE5,Geospiza,conirostris,Espanola,17.5,PRJNA263122,SRP048643
conirostris_Espanola_6,CE6,Geospiza,conirostris,Espanola,17.2,PRJNA263122,SRP048643
conirostris_Espanola_7,CE7,Geospiza,conirostris,Espanola,10.3,PRJNA263122,SRP048643
conirostris_Espanola_8,CE8,Geospiza,conirostris,Espanola,12.6,PRJNA263122,SRP048643
conirostris_Espanola_9,CE9,Geospiza,conirostris,Espanola,17,PRJNA263122,SRP048643
crassirostris_SantaCruz_5,PL15,Platyspiza,crassirostris,Santa_Cruz,8.9,PRJNA263122,SRP048643
crassirostris_SantaCruz_6,PL16,Platyspiza,crassirostris,Santa_Cruz,9.5,PRJNA263122,SRP048643
crassirostris_SantaCruz_4,PL4,Platyspiza,crassirostris,Santa_Cruz,16,PRJNA263122,SRP048643
crassirostris_SantaCruz_7,PL7,Platyspiza,crassirostris,Santa_Cruz,9.8,PRJNA263122,SRP048643
crassirostris_SantaCruz_9,PL9,Platyspiza,crassirostris,Santa_Cruz,9.4,PRJNA263122,SRP048643
difficilis_Fernandina_1,DF1,Geospiza,difficilis,Fernandina,13.8,PRJNA263122,SRP048643
difficilis_Fernandina_2,DF2,Geospiza,difficilis,Fernandina,9.1,PRJNA263122,SRP048643
difficilis_Pinta_10,DP10,Geospiza,difficilis,Pinta,9.4,PRJNA263122,SRP048643
difficilis_Pinta_11,DP11,Geospiza,difficilis,Pinta,9.7,PRJNA263122,SRP048643
difficilis_Pinta_13,DP13,Geospiza,difficilis,Pinta,10.4,PRJNA263122,SRP048643
difficilis_Pinta_2,DP2,Geospiza,difficilis,Pinta,8.7,PRJNA263122,SRP048643
difficilis_Pinta_3,DP3,Geospiza,difficilis,Pinta,12.4,PRJNA263122,SRP048643
difficilis_Pinta_4,DP4,Geospiza,difficilis,Pinta,11.5,PRJNA263122,SRP048643
difficilis_Pinta_5,DP5,Geospiza,difficilis,Pinta,9.2,PRJNA263122,SRP048643
difficilis_Pinta_6,DP6,Geospiza,difficilis,Pinta,10,PRJNA263122,SRP048643
difficilis_Pinta_7,DP7,Geospiza,difficilis,Pinta,31.7,PRJNA263122,SRP048643
difficilis_Pinta_9,DP9,Geospiza,difficilis,Pinta,8.7,PRJNA263122,SRP048643
difficilis_Santiago_1,DS1,Geospiza,difficilis,Santiago,12.2,PRJNA263122,SRP048643
difficilis_Santiago_14,DS14,Geospiza,difficilis,Santiago,12.5,PRJNA263122,SRP048643
fuliginosa_SantaCruz_15,fulig15,Geospiza,fuliginosa,Santa_Cruz,8.6,PRJNA263122,SRP048643
fusca_Espanola_1,CfE1,Certhidea,fusca,Espanola,10.4,PRJNA263122,SRP048643
fusca_Espanola_10,CfE10,Certhidea,fusca,Espanola,9.2,PRJNA263122,SRP048643
fusca_Espanola_2,CfE2,Certhidea,fusca,Espanola,10.4,PRJNA263122,SRP048643
fusca_Espanola_3,CfE3,Certhidea,fusca,Espanola,7.8,PRJNA263122,SRP048643
fusca_Espanola_4,CfE4,Certhidea,fusca,Espanola,10.5,PRJNA263122,SRP048643
fusca_Espanola_5,CfE5,Certhidea,fusca,Espanola,10.3,PRJNA263122,SRP048643
fusca_Espanola_6,CfE6,Certhidea,fusca,Espanola,11.6,PRJNA263122,SRP048643
fusca_Espanola_7,CfE7,Certhidea,fusca,Espanola,12.6,PRJNA263122,SRP048643
fusca_Espanola_8,CfE8,Certhidea,fusca,Espanola,11.4,PRJNA263122,SRP048643
fusca_Espanola_9,CfE9,Certhidea,fusca,Espanola,10.9,PRJNA263122,SRP048643
fusca_SanCristobal_1,Cfc1,Certhidea,fusca,SanCristobal,9.7,PRJNA263122,SRP048643
fusca_SanCristobal_10,Cfc10,Certhidea,fusca,SanCristobal,12.1,PRJNA263122,SRP048643
fusca_SanCristobal_2,Cfc2,Certhidea,fusca,SanCristobal,11.3,PRJNA263122,SRP048643
fusca_SanCristobal_3,Cfc3,Certhidea,fusca,SanCristobal,8.8,PRJNA263122,SRP048643
fusca_SanCristobal_4,Cfc4,Certhidea,fusca,SanCristobal,10,PRJNA263122,SRP048643
fusca_SanCristobal_5,Cfc5,Certhidea,fusca,SanCristobal,10.2,PRJNA263122,SRP048643
fusca_SanCristobal_6,Cfc6,Certhidea,fusca,SanCristobal,11.5,PRJNA263122,SRP048643
fusca_SanCristobal_7,Cfc7,Certhidea,fusca,SanCristobal,13,PRJNA263122,SRP048643
fusca_SanCristobal_8,Cfc8,Certhidea,fusca,SanCristobal,9.7,PRJNA263122,SRP048643
fusca_SanCristobal_9,Cfc9,Certhidea,fusca,SanCristobal,7.9,PRJNA263122,SRP048643
heliobates_Isabela_2,HEL2,Camarhynchus,heliobates,Isabela,10.9,PRJNA263122,SRP048643
inornata_Cocos_1,PIN1,Pinaroloxias,inornata,Cocos,5.6,PRJNA263122,SRP048643
inornata_Cocos_2,PIN2,Pinaroloxias,inornata,Cocos,7.8,PRJNA263122,SRP048643
inornata_Cocos_3,PIN3,Pinaroloxias,inornata,Cocos,5.5,PRJNA263122,SRP048643
inornata_Cocos_4,PIN4,Pinaroloxias,inornata,Cocos,7.7,PRJNA263122,SRP048643
inornata_Cocos_5,PIN5,Pinaroloxias,inornata,Cocos,6.1,PRJNA263122,SRP048643
inornata_Cocos_6,PIN6,Pinaroloxias,inornata,Cocos,6.7,PRJNA263122,SRP048643
inornata_Cocos_7,PIN7,Pinaroloxias,inornata,Cocos,29.2,PRJNA263122,SRP048643
inornata_Cocos_8,PIN8,Pinaroloxias,inornata,Cocos,9.6,PRJNA263122,SRP048643
magnirostris_Genovesa_11,MG11,Geospiza,magnirostris,Genovesa,8.7,PRJNA263122,SRP048643
magnirostris_Genovesa_2,MG2,Geospiza,magnirostris,Genovesa,9,PRJNA263122,SRP048643
magnirostris_Genovesa_3,MG3,Geospiza,magnirostris,Genovesa,10.3,PRJNA263122,SRP048643
magnirostris_Genovesa_4,MG4,Geospiza,magnirostris,Genovesa,8.5,PRJNA263122,SRP048643
magnirostris_Genovesa_7,MG7,Geospiza,magnirostris,Genovesa,7,PRJNA263122,SRP048643
olivacea_Santiago_13,Co13,Certhidea,olivacea,Santiago,14.7,PRJNA263122,SRP048643
olivacea_Santiago_14,Co14,Certhidea,olivacea,Santiago,27.6,PRJNA263122,SRP048643
olivacea_Santiago_15,Co15,Certhidea,olivacea,Santiago,5.6,PRJNA263122,SRP048643
olivacea_Santiago_16,Co16,Certhidea,olivacea,Santiago,11.6,PRJNA263122,SRP048643
olivacea_Santiago_20,Co20,Certhidea,olivacea,Santiago,7.9,PRJNA263122,SRP048643
pallidus_SantaCruz_1,PAL1,Camarhynchus,pallidus,Santa_Cruz,8.3,PRJNA263122,SRP048643
pallidus_SantaCruz_2,PAL2,Camarhynchus,pallidus,Santa_Cruz,10.1,PRJNA263122,SRP048643
pallidus_SantaCruz_3,PAL3,Camarhynchus,pallidus,Santa_Cruz,8.4,PRJNA263122,SRP048643
pallidus_SantaCruz_4,PAL4,Camarhynchus,pallidus,Santa_Cruz,8.3,PRJNA263122,SRP048643
pallidus_SantaCruz_5,PAL5,Camarhynchus,pallidus,Santa_Cruz,8.5,PRJNA263122,SRP048643
parvulus_SantaCruz_1a,PARV1,Camarhynchus,parvulus,Santa_Cruz,11.2,PRJNA263122,SRP048643
parvulus_SantaCruz_2a,PARV2,Camarhynchus,parvulus,Santa_Cruz,9.6,PRJNA263122,SRP048643
propinqua_Genovesa_1,CG1,Geospiza,propinqua,Genovesa,12.2,PRJNA263122,SRP048643
propinqua_Genovesa_10,CG10,Geospiza,propinqua,Genovesa,12,PRJNA263122,SRP048643
propinqua_Genovesa_2,CG2,Geospiza,propinqua,Genovesa,12.3,PRJNA263122,SRP048643
propinqua_Genovesa_3,CG3,Geospiza,propinqua,Genovesa,9.5,PRJNA263122,SRP048643
propinqua_Genovesa_4,CG4,Geospiza,propinqua,Genovesa,13.2,PRJNA263122,SRP048643
propinqua_Genovesa_5,CG5,Geospiza,propinqua,Genovesa,11,PRJNA263122,SRP048643
propinqua_Genovesa_6,CG6,Geospiza,propinqua,Genovesa,10.1,PRJNA263122,SRP048643
propinqua_Genovesa_7,CG7,Geospiza,propinqua,Genovesa,8.4,PRJNA263122,SRP048643
propinqua_Genovesa_8,CG8,Geospiza,propinqua,Genovesa,10.1,PRJNA263122,SRP048643
propinqua_Genovesa_9,CG9,Geospiza,propinqua,Genovesa,10.1,PRJNA263122,SRP048643
psittacula_Pinta_2,PSIT2,Camarhynchus,psittacula,Pinta,11.4,PRJNA263122,SRP048643
scandens_Daphne_19331,sca19331,Geospiza,scandens,Daphne,10,PRJNA263122,SRP048643
scandens_Daphne_19381,sca19381,Geospiza,scandens,Daphne,9.8,PRJNA263122,SRP048643
septentrionalis_Darwin_1,DD1,Geospiza,septentrionalis,Darwin,12,PRJNA263122,SRP048643
septentrionalis_Darwin_3,DD3,Geospiza,septentrionalis,Darwin,12.6,PRJNA263122,SRP048643
septentrionalis_Wolf_1,DW1,Geospiza,septentrionalis,Wenman(Wolf),6.5,PRJNA263122,SRP048643
septentrionalis_Wolf_2,DW2,Geospiza,septentrionalis,Wenman(Wolf),20.9,PRJNA263122,SRP048643
septentrionalis_Wolf_3,DW3,Geospiza,septentrionalis,Wenman(Wolf),10.1,PRJNA263122,SRP048643
septentrionalis_Wolf_5,DW5,Geospiza,septentrionalis,Wenman(Wolf),6.8,PRJNA263122,SRP048643
septentrionalis_Wolf_6,DW6,Geospiza,septentrionalis,Wenman(Wolf),10.2,PRJNA263122,SRP048643
septentrionalis_Wolf_7,DW7,Geospiza,septentrionalis,Wenman(Wolf),11.4,PRJNA263122,SRP048643
septentrionalis_Wolf_8,DW8,Geospiza,septentrionalis,Wenman(Wolf),20.1,PRJNA263122,SRP048643
septentrionalis_Wolf_9,DW9,Geospiza,septentrionalis,Wenman(Wolf),9.9,PRJNA263122,SRP048643
fortis_SantaCruz_1,Sample_F1,Geospiza,fortis,Santa_Cruz,17,PRJNA301892,SRP066193
fortis_SantaCruz_12,Sample_F12,Geospiza,fortis,Santa_Cruz,20.4,PRJNA301892,SRP066193
fortis_SantaCruz_13,Sample_F13,Geospiza,fortis,Santa_Cruz,17.6,PRJNA301892,SRP066193
fortis_SantaCruz_14,Sample_F14,Geospiza,fortis,Santa_Cruz,12.9,PRJNA301892,SRP066193
fortis_SantaCruz_15,Sample_F15,Geospiza,fortis,Santa_Cruz,19.8,PRJNA301892,SRP066193
fortis_SantaCruz_17,Sample_F17,Geospiza,fortis,Santa_Cruz,14.3,PRJNA301892,SRP066193
fortis_SantaCruz_19,Sample_F19,Geospiza,fortis,Santa_Cruz,13.9,PRJNA301892,SRP066193
fortis_SantaCruz_21,Sample_F21,Geospiza,fortis,Santa_Cruz,9.5,PRJNA301892,SRP066193
fortis_SantaCruz_3,Sample_F3,Geospiza,fortis,Santa_Cruz,12.9,PRJNA301892,SRP066193
fortis_SantaCruz_6,Sample_F6,Geospiza,fortis,Santa_Cruz,6.5,PRJNA301892,SRP066193
fuliginosa_Santiago_1,Sample_ful1,Geospiza,fuliginosa,Santiago,22.1,PRJNA301892,SRP066193
fuliginosa_Santiago_12,Sample_ful12,Geospiza,fuliginosa,Santiago,15.1,PRJNA301892,SRP066193
fuliginosa_Santiago_13,Sample_ful13,Geospiza,fuliginosa,Santiago,19.9,PRJNA301892,SRP066193
fuliginosa_Santiago_16,Sample_ful16,Geospiza,fuliginosa,Santiago,26.2,PRJNA301892,SRP066193
fuliginosa_Santiago_19,Sample_ful19,Geospiza,fuliginosa,Santiago,24.5,PRJNA301892,SRP066193
fuliginosa_Santiago_2,Sample_ful2,Geospiza,fuliginosa,Santiago,25.4,PRJNA301892,SRP066193
fuliginosa_Santiago_22,Sample_ful22,Geospiza,fuliginosa,Santiago,16.3,PRJNA301892,SRP066193
fuliginosa_Santiago_23,Sample_ful23,Geospiza,fuliginosa,Santiago,18.8,PRJNA301892,SRP066193
fuliginosa_Santiago_3,Sample_ful3,Geospiza,fuliginosa,Santiago,15,PRJNA301892,SRP066193
fuliginosa_Santiago_8,Sample_ful8,Geospiza,fuliginosa,Santiago,13.2,PRJNA301892,SRP066193
magnirostris_Daphne_9287,Sample_9287,Geospiza,magnirostris,Daphne,18,PRJNA301892,SRP066193
magnirostris_Daphne_9309,Sample_9309,Geospiza,magnirostris,Daphne,17.3,PRJNA301892,SRP066193
magnirostris_Daphne_9379,Sample_9379,Geospiza,magnirostris,Daphne,18.8,PRJNA301892,SRP066193
magnirostris_Daphne_9387,Sample_9387,Geospiza,magnirostris,Daphne,9.5,PRJNA301892,SRP066193
magnirostris_Daphne_9398,Sample_9398,Geospiza,magnirostris,Daphne,15.2,PRJNA301892,SRP066193
magnirostris_Daphne_9703,Sample_9703,Geospiza,magnirostris,Daphne,28,PRJNA301892,SRP066193
magnirostris_Daphne_9709,Sample_9709,Geospiza,magnirostris,Daphne,13.5,PRJNA301892,SRP066193
magnirostris_Daphne_9737,Sample_9737,Geospiza,magnirostris,Daphne,11.1,PRJNA301892,SRP066193
magnirostris_Daphne_9773,Sample_9773,Geospiza,magnirostris,Daphne,25.4,PRJNA301892,SRP066193
magnirostris_Daphne_9779,Sample_9779,Geospiza,magnirostris,Daphne,8,PRJNA301892,SRP066193
parvulus_SantaCruz_1,Sample_STF1,Camarhynchus,parvulus,Santa_Cruz,16.3,PRJNA301892,SRP066193
parvulus_SantaCruz_13,Sample_STF13,Camarhynchus,parvulus,Santa_Cruz,20.7,PRJNA301892,SRP066193
parvulus_SantaCruz_17,Sample_STF17,Camarhynchus,parvulus,Santa_Cruz,20.4,PRJNA301892,SRP066193
parvulus_SantaCruz_18,Sample_STF18,Camarhynchus,parvulus,Santa_Cruz,14.2,PRJNA301892,SRP066193
parvulus_SantaCruz_2,Sample_STF2,Camarhynchus,parvulus,Santa_Cruz,15.1,PRJNA301892,SRP066193
parvulus_SantaCruz_4,Sample_STF4,Camarhynchus,parvulus,Santa_Cruz,13.9,PRJNA301892,SRP066193
parvulus_SantaCruz_5,Sample_STF5,Camarhynchus,parvulus,Santa_Cruz,13.7,PRJNA301892,SRP066193
parvulus_SantaCruz_6,Sample_STF6,Camarhynchus,parvulus,Santa_Cruz,15.2,PRJNA301892,SRP066193
parvulus_SantaCruz_7,Sample_STF7,Camarhynchus,parvulus,Santa_Cruz,20,PRJNA301892,SRP066193
parvulus_SantaCruz_8,Sample_STF8,Camarhynchus,parvulus,Santa_Cruz,20.5,PRJNA301892,SRP066193
pauper_Floreana_1,Sample_MTF1,Camarhynchus,pauper,Floreana,14.3,PRJNA301892,SRP066193
pauper_Floreana_11,Sample_MTF11,Camarhynchus,pauper,Floreana,25.4,PRJNA301892,SRP066193
pauper_Floreana_13,Sample_MTF13,Camarhynchus,pauper,Floreana,14.1,PRJNA301892,SRP066193
pauper_Floreana_15,Sample_MTF15,Camarhynchus,pauper,Floreana,13.9,PRJNA301892,SRP066193
pauper_Floreana_16,Sample_MTF16,Camarhynchus,pauper,Floreana,14.3,PRJNA301892,SRP066193
pauper_Floreana_17,Sample_MTF17,Camarhynchus,pauper,Floreana,14.2,PRJNA301892,SRP066193
pauper_Floreana_19,Sample_MTF19,Camarhynchus,pauper,Floreana,14.8,PRJNA301892,SRP066193
pauper_Floreana_2,Sample_MTF2,Camarhynchus,pauper,Floreana,15.6,PRJNA301892,SRP066193
pauper_Floreana_4,Sample_MTF4,Camarhynchus,pauper,Floreana,13.1,PRJNA301892,SRP066193
pauper_Floreana_5,Sample_MTF5,Camarhynchus,pauper,Floreana,13.9,PRJNA301892,SRP066193
psittacula_Isabela_22,Sample_LTF22,Camarhynchus,psittacula,Isabela,15.1,PRJNA301892,SRP066193
psittacula_Marchena_380,Sample_LTF380,Camarhynchus,psittacula,Marchena,14.1,PRJNA301892,SRP066193
psittacula_Pinta_1,Sample_LTF1,Camarhynchus,psittacula,Pinta,26.2,PRJNA301892,SRP066193
psittacula_Pinta_27,Sample_LTF27,Camarhynchus,psittacula,Pinta,14.4,PRJNA301892,SRP066193
psittacula_Pinta_28,Sample_LTF28,Camarhynchus,psittacula,Pinta,17.7,PRJNA301892,SRP066193
psittacula_Pinta_3,Sample_LTF3,Camarhynchus,psittacula,Pinta,12.7,PRJNA301892,SRP066193
psittacula_Pinta_4,Sample_LTF4,Camarhynchus,psittacula,Pinta,13.9,PRJNA301892,SRP066193
psittacula_Pinta_5,Sample_LTF5,Camarhynchus,psittacula,Pinta,14.9,PRJNA301892,SRP066193
psittacula_Pinta_7,Sample_LTF7,Camarhynchus,psittacula,Pinta,13.9,PRJNA301892,SRP066193
psittacula_Pinta_8,Sample_LTF8,Camarhynchus,psittacula,Pinta,13.8,PRJNA301892,SRP066193
BB_Daphne_18350,Sample_18350,Geospiza,big birds lineage,Daphne,13.2,PRJNA392917,SRP136871
BB_Daphne_19039,Sample_19039,Geospiza,big birds lineage,Daphne,11.6,PRJNA392917,SRP136871
BB_Daphne_19131,Sample_19131,Geospiza,big birds lineage,Daphne,11.1,PRJNA392917,SRP136871
BB_Daphne_19194,Sample_19194,Geospiza,big birds lineage,Daphne,11.2,PRJNA392917,SRP136871
BB_Daphne_19200,Sample_19200,Geospiza,big birds lineage,Daphne,11.3,PRJNA392917,SRP136871
BB_Daphne_19236,Sample_19236,Geospiza,big birds lineage,Daphne,11.4,PRJNA392917,SRP136871
BB_Daphne_19255,Sample_19255,Geospiza,big birds lineage,Daphne,15.7,PRJNA392917,SRP136871
BB_Daphne_19256,Sample_19256,Geospiza,big birds lineage,Daphne,13.5,PRJNA392917,SRP136871
BB_Daphne_19297,Sample_19297,Geospiza,big birds lineage,Daphne,18.3,PRJNA392917,SRP136871
BB_Daphne_19298,Sample_19298,Geospiza,big birds lineage,Daphne,31.8,PRJNA392917,SRP136871
BB_Daphne_19332,Sample_19332,Geospiza,big birds lineage,Daphne,11.7,PRJNA392917,SRP136871
BB_Daphne_19352,Sample_19352,Geospiza,big birds lineage,Daphne,12.4,PRJNA392917,SRP136871
BB_Daphne_19364,Sample_19364,Geospiza,big birds lineage,Daphne,13.4,PRJNA392917,SRP136871
BB_Daphne_19410,Sample_19410,Geospiza,big birds lineage,Daphne,11.4,PRJNA392917,SRP136871
BB_Daphne_19413,Sample_19413,Geospiza,big birds lineage,Daphne,11.9,PRJNA392917,SRP136871
BB_Daphne_19420,Sample_19420,Geospiza,big birds lineage,Daphne,10.9,PRJNA392917,SRP136871
BB_Daphne_19435,Sample_19435,Geospiza,big birds lineage,Daphne,12,PRJNA392917,SRP136871
BB_Daphne_19437,Sample_19437,Geospiza,big birds lineage,Daphne,14,PRJNA392917,SRP136871
BB_Daphne_19566,Sample_19566,Geospiza,big birds lineage,Daphne,12.3,PRJNA392917,SRP136871
BB_Daphne_19567,Sample_19567,Geospiza,big birds lineage,Daphne,13.7,PRJNA392917,SRP136871
BB_Daphne_19578,Sample_19578,Geospiza,big birds lineage,Daphne,12.5,PRJNA392917,SRP136871
BB_Daphne_19579,Sample_19579,Geospiza,big birds lineage,Daphne,12.4,PRJNA392917,SRP136871
BB_Daphne_19669,Sample_19669,Geospiza,big birds lineage,Daphne,13.4,PRJNA392917,SRP136871
BB_Daphne_19694,Sample_19694,Geospiza,big birds lineage,Daphne,14,PRJNA392917,SRP136871
BB_Daphne_19702,Sample_19702,Geospiza,big birds lineage,Daphne,13.3,PRJNA392917,SRP136871
BB_Daphne_19721,Sample_19721,Geospiza,big birds lineage,Daphne,13.5,PRJNA392917,SRP136871
BB_Daphne_19798,Sample_19798,Geospiza,big birds lineage,Daphne,14,PRJNA392917,SRP136871
BB_Daphne_19842,Sample_19842,Geospiza,big birds lineage,Daphne,12.8,PRJNA392917,SRP136871
BB_Daphne_19879,Sample_19879,Geospiza,big birds lineage,Daphne,12.1,PRJNA392917,SRP136871
BB_Daphne_19968,Sample_19968,Geospiza,big birds lineage,Daphne,13.3,PRJNA392917,SRP136871
BB_Daphne_21130,Sample_21130,Geospiza,big birds lineage,Daphne,13.9,PRJNA392917,SRP136871
BB_Daphne_21300,Sample_21300,Geospiza,big birds lineage,Daphne,9.8,PRJNA392917,SRP136871
BB_Daphne_21345,Sample_21345,Geospiza,big birds lineage,Daphne,9.3,PRJNA392917,SRP136871
BB_Daphne_21348,Sample_21348,Geospiza,big birds lineage,Daphne,9.8,PRJNA392917,SRP136871
BB_Daphne_5110,Sample_5110,Geospiza,big birds lineage,Daphne,11.8,PRJNA392917,SRP136871
BB_Daphne_21275,Sample_21275,Geospiza,fortis,Daphne,9.3,PRJNA392917,SRP136871
crassirostris_Isabela_1902,P16602_1001_S1,Platyspiza,crassirostris,Isabela,13.8,unpublished,
crassirostris_Isabela_1903,P16602_1002_S2,Platyspiza,crassirostris,Isabela,10.6,unpublished,
crassirostris_Isabela_1943,P16602_1003_S3,Platyspiza,crassirostris,Isabela,14.3,unpublished,
crassirostris_Pinta_1539,P16602_1004_S4,Platyspiza,crassirostris,Pinta,11.7,unpublished,
crassirostris_Pinta_1550,P16602_1005_S5,Platyspiza,crassirostris,Pinta,9.4,unpublished,
crassirostris_Pinta_1543,P16602_1006_S6,Platyspiza,crassirostris,Pinta,10.7,unpublished,
crassirostris_SanCristobal_1802,P16602_1022_S22,Platyspiza,crassirostris,SanCristobal,10.2,unpublished,
crassirostris_Santiago_1212,P16602_1007_S7,Platyspiza,crassirostris,Santiago,7.3,unpublished,
crassirostris_Santiago_1214,P16602_1008_S8,Platyspiza,crassirostris,Santiago,9.1,unpublished,
crassirostris_Santiago_1216,P16602_1009_S9,Platyspiza,crassirostris,Santiago,10.3,unpublished,
fortis_Daphne_16549,P16602_1027_S27,Geospiza,fortis,Daphne,12.9,unpublished,
fortis_Daphne_16044,P16602_1029_S29,Geospiza,fortis,Daphne,9.1,unpublished,
fusca_SanCristobal_1807,P16602_1018_S18,Geospiza,fortis,SanCristobal,10.6,unpublished,
fortis_SanCristobal_1808,P16602_1019_S19,Geospiza,fortis,SanCristobal,10.2,unpublished,
fuliginosa_SanCristobal_1806,P16602_1010_S10,Geospiza,fuliginosa,SanCristobal,11.9,unpublished,
fuliginosa_SanCristobal_1805,P16602_1011_S11,Geospiza,fuliginosa,SanCristobal,11.2,unpublished,
fuliginosa_SanCristobal_1808,P16602_1012_S12,Geospiza,fuliginosa,SanCristobal,8.8,unpublished,
fuliginosa_SanCristobal_1809,P16602_1024_S24,Geospiza,fuliginosa,SanCristobal,13.3,unpublished,
fuliginosa_SanCristobal_1810,P16602_1025_S25,Geospiza,fuliginosa,SanCristobal,9.1,unpublished,
fuliginosa_SanCristobal_113,P16602_1030_S30,Geospiza,fuliginosa,SanCristobal,9.5,unpublished,
fuliginosa_SanCristobal_118,P16602_1031_S31,Geospiza,fuliginosa,SanCristobal,10.6,unpublished,
fusca_SanCristobal_1808,P16602_1015_S15,Certhidea,fusca,SanCristobal,9.8,unpublished,
fusca_SanCristobal_1809,P16602_1016_S16,Certhidea,fusca,SanCristobal,14,unpublished,
fusca_SanCristobal_1810,P16602_1017_S17,Certhidea,fusca,SanCristobal,10.2,unpublished,
pallidus_SanCristobal_WP3,P16602_1020_S20,Camarhynchus,pallidus,SanCristobal,8.3,unpublished,
pallidus_SanCristobal_1804,P16602_1021_S21,Camarhynchus,pallidus,SanCristobal,9.8,unpublished,
scandens_Daphne_5576,P16602_1026_S26,Geospiza,scandens,Daphne,18.8,unpublished,
scandens_Daphne_17475,P16602_1028_S28,Geospiza,scandens,Daphne,7,unpublished,
scandens_SanCristobal_1802,P16602_1013_S13,Geospiza,scandens,SanCristobal,12.4,unpublished,
scandens_SanCristobal_1803,P16602_1014_S14,Geospiza,scandens,SanCristobal,9.5,unpublished,
scandens_SanCristobal_1804,P16602_1023_S23,Geospiza,scandens,SanCristobal,12.8,unpublished,
BB_Daphne_19127,Sample_19127,Geospiza,big birds lineage,Daphne,33.4,,
BB_Daphne_19132,Sample_19132,Geospiza,big birds lineage,Daphne,34.2,,
BB_Daphne_19240,Sample_19240,Geospiza,big birds lineage,Daphne,10.9,,
BB_Daphne_19304,Sample_19304,Geospiza,big birds lineage,Daphne,19.5,,
BB_Daphne_19321,Sample_19321,Geospiza,big birds lineage,Daphne,13.2,,
BB_Daphne_19450,Sample_19450,Geospiza,big birds lineage,Daphne,11.6,,
BB_Daphne_19451,Sample_19451,Geospiza,big birds lineage,Daphne,15.7,,
BB_Daphne_19651,Sample_19651,Geospiza,big birds lineage,Daphne,30.9,,
BB_Daphne_9807,Sample_9807,Geospiza,big birds lineage,Daphne,11.2,,
fortis_Daphne_1,For1,Geospiza,fortis,Daphne,10.8,,
fortis_Daphne_2,For2,Geospiza,fortis,Daphne,9.9,,
BB_Daphne_15170,Sample_15170,Geospiza,fortis,Daphne,11.3,,
fortis_Daphne_4911,Sample_Fortis-Daphne-4911,Geospiza,fortis,Daphne,30.2,,
fortis_Daphne_5560,Sample_Fortis-Daphne-5560,Geospiza,fortis,Daphne,27.8,,
fortis_Daphne_5927,Sample_Fortis-Daphne-5927,Geospiza,fortis,Daphne,19.6,,
fortis_Floreana_1,Sample_Fortis-Floreana-1,Geospiza,fortis,Floreana,34.5,,
fortis_Floreana_10,Sample_Fortis-Floreana-10,Geospiza,fortis,Floreana,29.5,,
fortis_Floreana_102,Sample_Fortis-Floreana-102,Geospiza,fortis,Floreana,25.9,,
fortis_Floreana_106,Sample_Fortis-Floreana-106,Geospiza,fortis,Floreana,27.9,,
fortis_Isabela_102,Sample_Fortis-Isabela-102,Geospiza,fortis,Isabela,31.5,,
fortis_Isabela_106,Sample_Fortis-Isabela-106,Geospiza,fortis,Isabela,35.2,,
fortis_Isabela_109,Sample_Fortis-Isabela-109,Geospiza,fortis,Isabela,30.4,,
fortis_Isabela_121,Sample_Fortis-Isabela-121,Geospiza,fortis,Isabela,31.1,,
fortis_Pinta_1,Sample_Fortis-Pinta-1,Geospiza,fortis,Pinta,29.7,,
fortis_Pinta_2,Sample_Fortis-Pinta-2,Geospiza,fortis,Pinta,31.2,,
fortis_Pinta_3,Sample_Fortis-Pinta-3,Geospiza,fortis,Pinta,30.5,,
fortis_Pinta_1a,Sample_Fortis-Pinta-1a,Geospiza,fortis,Pinta,33.4,,
fortis_SanCristobal_1,Sample_Fortis-San-Crist-1,Geospiza,fortis,SanCristobal,31.3,,
fortis_SanCristobal_104,Sample_Fortis-San-Crist-104,Geospiza,fortis,SanCristobal,26.3,,
fortis_SanCristobal_12,Sample_Fortis-San-Crist-12,Geospiza,fortis,SanCristobal,32.8,,
fortis_SanCristobal_4,Sample_Fortis-San-Crist-4,Geospiza,fortis,SanCristobal,29.3,,
fuliginosa_Daphne_10317,Sample_10317,Geospiza,fuliginosa,Daphne,40.2,,
fuliginosa_Daphne_15673,Sample_15673,Geospiza,fuliginosa,Daphne,30,,
fuliginosa_Daphne_19165,Sample_Fuliginosa-19165,Geospiza,fuliginosa,Daphne,34.7,,
fuliginosa_Daphne_19168,Sample_Fuliginosa-19168,Geospiza,fuliginosa,Daphne,20.1,,
fuliginosa_Espanola_1,Sample_Espanola-1,Geospiza,fuliginosa,Espanola,26,,
fuliginosa_Espanola_3,Sample_Espanola-3,Geospiza,fuliginosa,Espanola,30.3,,
fuliginosa_Espanola_4,Sample_Espanola-4,Geospiza,fuliginosa,Espanola,39.5,,
fortisxfuliginosa_Daphne_14612,Sample_14612,Geospiza,hybrid,Daphne,23.8,,
fortisxfuliginosa_Daphne_15466,Sample_15466,Geospiza,hybrid,Daphne,32.2,,
fortisxfuliginosa_Daphne_15484,Sample_15484,Geospiza,hybrid,Daphne,38.2,,
fortisxfuliginosa_Daphne_16366,Sample_16366,Geospiza,hybrid,Daphne,36.4,,
fortisxfuliginosa_Daphne_17638,Sample_17638,Geospiza,hybrid,Daphne,25.7,,
BB_Daphne_17867,Sample_17867,Geospiza,hybrid,Daphne,10.1,,
BB_Daphne_17869,Sample_17869,Geospiza,hybrid,Daphne,13.4,,
BB_Daphne_17870,Sample_17870,Geospiza,hybrid,Daphne,11.3,,
forxsca_Daphne_5627,Sample_Fortis-Daphne-5627,Geospiza,hybrid,Daphne,25.9,,
parvulus_Fernandina_104,Sample_STF-F-104,Camarhynchus,parvulus,Fernandina,29.4,,
parvulus_Fernandina_106,Sample_STF-F-106,Camarhynchus,parvulus,Fernandina,34.3,,
parvulus_Fernandina_107,Sample_STF-F-107-,Camarhynchus,parvulus,Fernandina,33.6,,
parvulus_Fernandina_109,Sample_STF-F-109,Camarhynchus,parvulus,Fernandina,29,,
parvulus_Floreana_2,Sample_STF-Floreana-2,Camarhynchus,parvulus,Floreana,35.9,,
parvulus_Floreana_3,Sample_STF-Floreana-3,Camarhynchus,parvulus,Floreana,30.4,,
parvulus_Floreana_4,Sample_STF-Floreana-4,Camarhynchus,parvulus,Floreana,34.2,,
parvulus_Isabela_1,Sample_STF-Isabela-1,Camarhynchus,parvulus,Isabela,30.8,,
parvulus_Isabela_4,Sample_STF-Isabela-4,Camarhynchus,parvulus,Isabela,30.8,,
parvulus_Isabela_5,Sample_STF-Isabela-5,Camarhynchus,parvulus,Isabela,35.3,,
parvulus_SantaFe_1,Sample_STF-St-Fe-1,Camarhynchus,parvulus,Santa_Fe,31.7,,
parvulus_SantaFe_2,Sample_STF-St-Fe-2,Camarhynchus,parvulus,Santa_Fe,29.8,,
parvulus_SantaFe_3,Sample_STF-St-Fe-3,Camarhynchus,parvulus,Santa_Fe,35.9,,
forxfuligxscandens_Daphne_19027,Sample_19027,Geospiza,scandens,Daphne,32,,
forxfuligxscandens_Daphne_19204,Sample_19204,Geospiza,scandens,Daphne,24.4,,
forxfuligxscandens_Daphne_19598,Sample_19598,Geospiza,scandens,Daphne,23.4,,
forxfuligxscandens_Daphne_19937,Sample_19937,Geospiza,scandens,Daphne,32.8,,
scandens_Floreana_100,Sample_Scandens-Floreana-100,Geospiza,scandens,Floreana,32,,
scandens_Floreana_101,Sample_Scandens-Floreana-101,Geospiza,scandens,Floreana,30.1,,
scandens_Floreana_102,Sample_Scandens-Floreana-102,Geospiza,scandens,Floreana,33.5,,
scandens_Floreana_103,Sample_Scandens-Floreana-103,Geospiza,scandens,Floreana,34.6,,
scandens_Pinta_1,Sample_Scandens-Pinta-1,Geospiza,scandens,Pinta,24.6,,
scandens_Pinta_2,Sample_Scandens-Pinta-2,Geospiza,scandens,Pinta,30.5,,
scandens_Pinta_1a,Sample_Scandens-Pinta-1a,Geospiza,scandens,Pinta,32.4,,
scandens_Pinta_2a,Sample_Scandens-Pinta-2a,Geospiza,scandens,Pinta,31.4,,
scandens_Rabida_1,Sample_Rabida-1,Geospiza,scandens,Rabida,36.4,,
scandens_Rabida_2,Sample_Rabida-2,Geospiza,scandens,Rabida,25.4,,
scandens_Rabida_4,Sample_Rabida-4,Geospiza,scandens,Rabida,30.3,,
scandens_SanCristobal_105,Sample_Scandens-S-Crist-105,Geospiza,scandens,SanCristobal,27.8,,
scandens_SanCristobal_110,Sample_Scandens-S-Crist-110,Geospiza,scandens,SanCristobal,27.9,,
scandens_SanCristobal_2,Sample_Scandens-S-Crist-2,Geospiza,scandens,SanCristobal,36.1,,
scandens_SanCristobal_4,Sample_Scandens-S-Crist-4,Geospiza,scandens,SanCristobal,28.7,,
scandens_Santiago_1,Sample_Santiago-1,Geospiza,scandens,Santiago,28.4,,
scandens_Santiago_2,Sample_Santiago-2,Geospiza,scandens,Santiago,30.9,,
scandens_Santiago_3,Sample_Santiago-3,Geospiza,scandens,Santiago,34.4,,
scandens_Santiago_4,Sample_Santiago-4,Geospiza,scandens,Santiago,32.4,,